index,id,created_at,text,fav_count,retweet_count
0,1052478367059116033,2018-10-17 08:36:11,"Zapraszam do mojego pomysÅ‚u na wspÃ³lne miasto WrocÅ‚aw!
#rozecka2018 #wyborysamorzadowe2018 #DotrzymujemySÅ‚owa https://t.co/2pccXtMZL5",38,18
1,1052123338397630464,2018-10-16 09:05:26,UczyÅ„my WrocÅ‚aw miastem wraÅ¼liwym ğŸ’— na problemy mieszkaÅ„cÃ³w! Przedstawiam mÃ³j program polityki spoÅ‚ecznej. https://t.co/ZyTQHuCGqR,43,22
2,1052077382327263232,2018-10-16 06:02:49,"RT @PL1918: DziÅ› 40 rocznica wyboru PapieÅ¼a Jana PawÅ‚a II. 
Na zdjÄ™ciu z pierwszej wizyty Ojca ÅšwiÄ™tego Jana PawÅ‚a II w Polsce, 2-10 VI 197â€¦",0,26
3,1051795084608491520,2018-10-15 11:21:04,"RT @wirtualnapolska: JuÅ¼ dziÅ› w programie ""Wyborczy Grill"" goÅ›ciÄ‡ bÄ™dziemy @RozeckaPL. Macie pytania do kandydatki na prezydenta WrocÅ‚awia?â€¦",0,10
4,1051411440555487233,2018-10-14 09:56:36,"BezpieczeÅ„stwo wrocÅ‚awian jest najwaÅ¼niejsze - a to moje propozycje w tym obszarze!
#rozecka2018 #wyborysamorzadowe2018 https://t.co/0AACnjMgJZ",102,45
5,1051005237031505920,2018-10-13 07:02:29,RT @MF_GOV_PL: Agencja @SPGlobalRatings ogÅ‚osiÅ‚a decyzjÄ™ o podwyÅ¼szeniu ratingu Polski do poziomu A-. WiÄ™cej: https://t.co/pskZRzh1iv httpsâ€¦,0,120
6,1050835807483940870,2018-10-12 19:49:14,"Szermierka uczy wytrwaÅ‚oÅ›ci i dyscypliny, a takÅ¼e strategicznego myÅ›lenia. Bez tego nie da siÄ™ odnieÅ›Ä‡ sukcesu, a walka juÅ¼ niedÅ‚ugo â€“ pierwsze starcie juÅ¼ 21 paÅºdziernika! #WrocÅ‚aw #Wybory2018 #wyborysamorzadowe2018 #PiS #DotrzymujemySÅ‚owa https://t.co/0fH2Z6nd6S",43,15
7,1050721267010154496,2018-10-12 12:14:06,RT @pisorgpl: âœ… 1 stycznia 2019 roku kaÅ¼dy wÅ‚aÅ›ciciel domu lub mieszkania stanie siÄ™ wÅ‚aÅ›cicielem zwiÄ…zanego z nim gruntu.  #GruntToWÅ‚asnoÅ›â€¦,0,58
8,1050663518683332608,2018-10-12 08:24:37,RT @pisorgpl: Konkretny program #PiS dla Ochotniczej StraÅ¼y PoÅ¼arnej. #DotrzymujemySÅ‚owa https://t.co/xmxRWGC5NB,0,90
9,1050033103895482371,2018-10-10 14:39:35,"RT @PopieramyPMM: Ten wykres to jest jednak bomba! ğŸ’£
147 miliardÃ³w zÅ‚ wiÄ™cej w porÃ³wnaniu do poziomu z 2015 r.!
#DobraZmiana https://t.co/Iâ€¦",0,66
10,1049628980784091136,2018-10-09 11:53:44,Zmiany UrzÄ™dzie Miejskim WrocÅ‚awia? AleÅ¼ tak - po prostu rozsÄ…dnie i gospodarnie! https://t.co/xObfWu5FuU,65,35
11,1049266097885794305,2018-10-08 11:51:46,RT @AnnaSiarkowska: DziÅ› w imieniu Partii RepublikaÅ„skiej udzieliÅ‚am poparcia Pani PoseÅ‚ @RozeckaPL w walce o urzÄ…d Prezydenta Miasta WrocÅ‚â€¦,0,23
12,1049234379313242112,2018-10-08 09:45:44,"Na #WrocÅ‚aw.skim rynku odbywa siÄ™ dzisiaj cykl dyskusji z kandydatami na Prezydenta WrocÅ‚awia. DziÄ™kujÄ™ za rozmowÄ™ ğŸ™‚
#WyborySamorzÄ…dowe #Wybory2018 #Rozecka2018 #PiS #DotrzymujemySÅ‚owa https://t.co/fWtomAmrJa",43,11
13,1048685254314283008,2018-10-06 21:23:42,"RT @pisorgpl: â€¼ï¸ Nasi konkurenci skÅ‚adajÄ… #PusteObietnice. My #DotrzymujemySÅ‚owa. ğŸ‡µğŸ‡±
Premier @MorawieckiM w #Lublin. https://t.co/HR8cq3gnak",0,61
14,1048671118134001664,2018-10-06 20:27:32,"RT @pisorgpl: ğŸ‡µğŸ‡± Prawo i SprawiedliwoÅ›Ä‡ to partia wiarygodna - realizujemy obietnice, #DotrzymujemySÅ‚owa. https://t.co/6ERFOzyuUg",0,62
15,1048580331589308418,2018-10-06 14:26:47,Jutro bÄ™dÄ™ goÅ›ciem programu #Woronicza17 @tvp_info. Zapraszam do oglÄ…dania. #DotrzymujemySÅ‚owa #wybory2018 #WyborySamorzÄ…dowe #WrocÅ‚aw #Rozecka2018 https://t.co/bVrk8X7t04,65,28
16,1048161288373903361,2018-10-05 10:41:39,RT @MRPiPS_GOV_PL: Coraz wiÄ™cej uczniÃ³w wyjeÅ¼dÅ¼a na wakacje - wynika z badania @CBOS_Info. #rodzina https://t.co/bG469M1e6z,0,6
17,1048161017329590272,2018-10-05 10:40:35,RT @MRPiPS_GOV_PL: ğŸ“ŠRekordowo niskie bezrobocie we wrzeÅ›niu ğŸ“Š #praca #rynekpracy https://t.co/PBOEV3fDJW,0,18
18,1047351054269075457,2018-10-03 05:02:04,Pomimo jesiennej pogody od rana #Mirabus w trasie. Dzisiaj testuje nowe poÅ‚Ä…czenie Lipy Piotrowskiej z zachodniÄ… czÄ™Å›ciÄ… #WrocÅ‚aw.ia. #WyborySamorzÄ…dowe #wybory2018 #DotrzymujemySÅ‚owa #PiS #Rozecka2018 https://t.co/sjiTN8guqY,83,31
19,1047189018004344832,2018-10-02 18:18:12,Jutro o godz. 7:20 bÄ™dÄ™ goÅ›ciem @tvp_info. Zapraszam do oglÄ…dana. https://t.co/PubHibhJgL,84,32
20,1047170993205268480,2018-10-02 17:06:34,#WrocÅ‚aw nie moÅ¼e wycofywaÄ‡ z odpowiedzialnoÅ›ci za zdrowie mieszkaÅ„cÃ³w ğŸ¥. Przedstawiam czÄ™Å›Ä‡ programu poÅ›wiÄ™conÄ… zdrowiu wrocÅ‚awian. #wybory2018 #WyborySamorzÄ…dowe #Rozecka2018 #PiS #DotrzymujemySÅ‚owa #DobryProgram https://t.co/sKLT096RfN,39,23
21,1047149923194540033,2018-10-02 15:42:51,"Warto dla wrocÅ‚awianek wesprzeÄ‡ finansowo wysokospecjalistyczne procedury terapeutyczne, Å¼eby wykorzystaÄ‡ w peÅ‚ni moÅ¼liwoÅ›ci i potencjaÅ‚ oddziaÅ‚u ginekologii onkologicznej. https://t.co/GzFWyQdr6d",57,26
22,1046997173903208449,2018-10-02 05:35:53,"BÄ™dziemy testowaÄ‡ linie autobusowe zgÅ‚aszane przez mieszkaÅ„cÃ³w wykorzystujÄ…c #MIRABUS
3 X i 4 X testujemy poÅ‚Ä…czenie z Lipy Piotrowskiej do ulicy Kwiskiej. Autobus bÄ™dzie wyruszaÄ‡ z Lipy Piotrowskiej  (ul. Kminkowa) o rÃ³wnych godzinach 6.00, 7.00, 8.00 i 9.00. Zapraszamy! https://t.co/lMwLcvsEB6",36,20
23,1046756087838453760,2018-10-01 13:37:53,"Wiem, Å¼e brakuje poÅ‚Ä…czeÅ„ autobusowych we WrocÅ‚awiu. Miasto lepsze do Å¼ycia to miasto skomunikowane. Zatem testujemy linie autobusowe zgÅ‚aszane przez mieszkaÅ„cÃ³w wykorzystujÄ…c MIRABUS, na bieÅ¼Ä…co bÄ™dziemy informowaÄ‡ gdzie kursuje #wyborysamorzadowe #rozecka2018 #wybory2018.",75,39
24,1045376474927321088,2018-09-27 18:15:48,Walka ze #smog.iem to bardzo waÅ¼ny element mojego programu dla #WrocÅ‚aw.ia. ğŸ­ #WyborySamorzÄ…dowe ğŸš— #wybory2018 â›½ #PiS ğŸš› #Rozecka2018 https://t.co/tQLMmLbgmP,58,21
25,1044933704488038401,2018-09-26 12:56:23,"PowiÄ™kszenie obszarÃ³w lasÃ³w miejskich, parki kieszonkowe, zielone arterie â€“ to tylko czÄ™Å›Ä‡ naszych planÃ³w na zieleÅ„ miejskÄ… we #WrocÅ‚aw.iu! ğŸŒ³ğŸŒ±ğŸŒ¿#wybory2018 #wyborysamorzadowe #PiS #Rozecka2018 https://t.co/M1vzWNE5uJ",130,59
26,1044849975371419648,2018-09-26 07:23:41,"Zapraszam do oglÄ…dania Rozmowy FaktÃ³w z moim udziaÅ‚em. DziÅ› w @FaktyTVP3
#WrocÅ‚aw #wyborysamorzadowe #wybory2018 #PiS #DotrzymujemySÅ‚owa #Rozecka2018 https://t.co/LhHKjFPsXQ",61,24
27,1044546120544923649,2018-09-25 11:16:16,"W kampanii jesteÅ›my przyzwyczajeni do standardowych form komunikowania siÄ™ z wyborcami. Jednak to, na czym mi zaleÅ¼y to wyraÅ¼enie uczuÄ‡ Å‚Ä…czÄ…cych mnie z naszym miastem. Zapraszam do sÅ‚uchania i oglÄ…dania ğŸ¤ğŸ¶  #WrocÅ‚aw #wyborysamorzadowe   #wybory2018 https://t.co/pXYn9UKPve",95,33
28,1044148380543471617,2018-09-24 08:55:47,Moje propozycje dla wrocÅ‚awskiej kulturyğŸ¼ğŸ­ğŸ¨ğŸ¬! https://t.co/DQya0l9vFl,137,63
29,1043783546345787392,2018-09-23 08:46:04,JuÅ¼ o 10:45 zapraszam do @tvn24 na #KawanaÅ‚awÄ™. BÄ™dÄ™ goÅ›ciem @KonradPiasecki. #Wroclaw #DotrzymujemySÅ‚owa #dobryprogram #wyborysamorzadowe #wybory2018,46,11
30,1043065221949022209,2018-09-21 09:11:42,Ruszamy w drogÄ™ po #WrocÅ‚aw.iu. ğŸšŒ Dzisiaj- Pracze OdrzaÅ„skie #wyborysamorzÄ…dowe #wybory2018 #DotrzymujemySÅ‚owa #MiraBus https://t.co/og68q0ztiw,79,30
31,1042733524829265925,2018-09-20 11:13:40,"Czas, aby wrocÅ‚awskie osiedla staÅ‚y siÄ™ w koÅ„cu OSIEDLAMI KOMPLETNYMIğŸ¡ğŸš‹! #rozecka2018 #wybory2018 #wyborysamorzÄ…dowe #WrocÅ‚aw #dobryprogram https://t.co/eHUQxxvLig",201,87
32,1042039759219171328,2018-09-18 13:16:53,"Czas na wrocÅ‚awski sportâš½ï¸ğŸ€ğŸâ• A oto pomysÅ‚y na rozwÃ³j sportu we WrocÅ‚awiu.
#rozecka2018
#wybory2018
#wyborysamorzÄ…dowe https://t.co/tpuTUfbB7E",81,30
33,1041618273312354304,2018-09-17 09:22:03,"Kolejny punkt mojego programu dla WrocÅ‚awia a w nim min. szybka, sprawna i BEZPÅATNA komunikacja publicznağŸš†ğŸšˆğŸšŒ! https://t.co/gfQZjvbk3N",195,80
34,1040981203820654592,2018-09-15 15:10:34,WspÃ³lnie z Ministrem Inwestycji i Rozwoju Jerzym KwieciÅ„skim oraz WojewodÄ… DolnoÅ›lÄ…skim PawÅ‚em Hreniakiem zaprezentowaliÅ›my szczegÃ³Å‚y rzÄ…dowych programÃ³w: budowy drÃ³g lokalnych i DostÄ™pnoÅ›Ä‡ Plus. https://t.co/e7VIlcvIGx,49,18
35,1040555025263734784,2018-09-14 10:57:05,"Odpowiedzialny wÅ‚odarz miasta musi wspÃ³Å‚pracowaÄ‡ z rÃ³Å¼nymi Å›rodowiskami! Zapraszam do obejrzenia wywiadu!
https://t.co/8y4vmyFgWb",52,25
36,1040551333240221696,2018-09-14 10:42:25,Przedstawiam kolejny punkt mojego programu dla WrocÅ‚awia. UczyÅ„my OdrÄ™ turystycznym magnesem miasta!â›µï¸ğŸ›¶ğŸ–ï¸ https://t.co/zRhRRCj5SI,89,40
37,1039517382304182272,2018-09-11 14:13:51,"DziÅ› kolejny fragment programu SZYBKA KOLEJ MIEJSKA â€“ tak dÅ‚ugo siÄ™ o niej mÃ³wi, Å¼e dorobiÅ‚a siÄ™ nawet strony w Wikipedii. Pora jÄ… po prostu zbudowaÄ‡! DziaÅ‚ajmy Szybciej! #WrocÅ‚aw #wybory2018  https://t.co/ztE3bMABbS",46,26
38,1038865716307550215,2018-09-09 19:04:22,"Pora na odbudowanie wspÃ³lnoty, bo kaÅ¼dy jest waÅ¼ny!
https://t.co/u3aKuY0AQ9",58,27
39,1037712529953378305,2018-09-06 14:42:01,"PROGRAM - DLA #WROCÅAW.IA - #EDUKACJA - to przyszÅ‚oÅ›Ä‡ nie tylko naszych dzieci, ale nas w wymiarze kulturowym, spoÅ‚ecznym i ekonomicznym. EDUKACJA ma byÄ‡ PRAWDZIWIE EGALITARNA. Po pierwsze uczymy, jak siÄ™ uczyÄ‡. #wybory2018 #wyborysamorzÄ…dowe https://t.co/bhDh2nkgVp",105,39
40,1037306303067119616,2018-09-05 11:47:49,"Oto nasza druÅ¼yna gotowa PaÅ„stwu sÅ‚uÅ¼yÄ‡ we wrocÅ‚awskiej Radzie Miejskiej. DoÅ›wiadczeni radni, dziaÅ‚acze PiS, spoÅ‚ecznicy, aktywiÅ›ci i radni osiedlowi. WspÃ³lnie dla wrocÅ‚awian :) https://t.co/m9vWhrwdbr",204,75
41,1036981361859547136,2018-09-04 14:16:37,"CieszÄ™ siÄ™, Å¼e doÅ‚Ä…czyÅ‚a do nas doÅ›wiadczona i zaangaÅ¼owana w sprawy mieszkaÅ„cÃ³w radna @UMrozowska. Witam w mojej druÅ¼ynie. #WrocÅ‚aw #WyborySamorzÄ…dowe #wybory2018 https://t.co/qank2IpCqM",85,27
42,1036895293663531009,2018-09-04 08:34:37,"Dymisje konieczneâ—ï¸Sutryk i Delewski do tablicy - 1 wrzeÅ›nia po wrocÅ‚awsku 
https://t.co/UW1h4cCH12",59,22
43,1036286613813383169,2018-09-02 16:15:56,"21 paÅºdziernika 2018 wybierzcie wiarygodnoÅ›Ä‡!
https://t.co/JEC76VVzDc",80,27
44,1033809278744842241,2018-08-26 20:11:53,"Obchody 38. rocznicy powstania NSZZ ""SolidarnoÅ›Ä‡"" https://t.co/kNfE3PkGd9",97,28
45,1033610789859540992,2018-08-26 07:03:10,RT @Wozny3: Termomodernizacyjna ulga podatkowa wpisana do wykazu prac Rady MinistrÃ³w. Kolejne dziaÅ‚anie na rzecz #CzystePowietrze na Å›cieÅ¼câ€¦,0,34
46,1032917333260595200,2018-08-24 09:07:37,"RT @pisorgpl: â“â“ Pytania do opozycji. 
#DobryProgram #DobryWybÃ³r #VAT #Spot https://t.co/1yiGqCnIRS",0,400
47,1029775435389915137,2018-08-15 17:02:50,"To waÅ¼ne, Å¼e sÄ… narody, dla ktÃ³rych data 15 VIII 1920 r jest istotna i znana. MiÅ‚o mi jest przekazaÄ‡ PaÅ„stwu Å¼yczenia od mojego przyjaciela AsÅ‚ambeka https://t.co/FrFDFrFUi5",97,32
48,1029404562896166912,2018-08-14 16:29:07,"Zaczynamy! LiczÄ™, Å¼e spotkam   PaÅ„stwa w ciÄ…gu tych 68 dni, Å¼e bÄ™dziecie chcieli rozmawiaÄ‡  o programie dla WrocÅ‚awia, ktÃ³ry dla Was przygotowaÅ‚am. Zapraszam :) Wybierzcie ZMIANÄ˜, ktÃ³ra odmieni WaszÄ… codziennoÅ›Ä‡ i sprosta oczekiwaniom a WrocÅ‚aw bÄ™dzie przestrzeniÄ… dobrÄ… do Å¼ycia!",192,87
49,1026152124286156800,2018-08-05 17:05:06,"RT @I_Lendorf: 5.08.1942 #Janusz_Korczak #Stefania_WilczyÅ„ska i Ich wychowankowie, zostali wypÄ™dzeni z #Siennej na #Umschlagplatz, skÄ…d traâ€¦",0,40
50,1024727284404682752,2018-08-01 18:43:17,Obchody 74 rocznicy wybuchu Powstania Warszawskiego. CzeÅ›Ä‡ i chwaÅ‚a bohaterom! #sierpieÅ„44 #pamiÄ™tamy #jesteÅ›myjeÅ›lipamiÄ™tasz #godzinaW https://t.co/ZSlixATod5,61,16
51,1022927029883334658,2018-07-27 19:29:43,RT @Wozny3: Absolutnie historyczny moment. Ustawa regulujÄ…ca jakoÅ›Ä‡ paliw staÅ‚ych uchwalona. Klienci skÅ‚adÃ³w wÄ™gla po raz pierwszy beda mieâ€¦,0,70
52,1022881661116182528,2018-07-27 16:29:26,"RT @AKlarenbach: Zapraszam na #Forum @tvp_info:
ğŸ”¸@RozeckaPL (@pisorgpl)
ğŸ”¸@APociej (@Platforma_org)
ğŸ”¸@TRzymkowski (@Kukiz15)
ğŸ”¸@P_Kobylinskiâ€¦",0,27
53,1022556580393496576,2018-07-26 18:57:41,"DziÄ™kujÄ™ wszystkim przybyÅ‚ym na spotkanie. Jest sporo rzeczy do ulepszenia w dziedzinie organizacji pomocy zwierzÄ™tom. Po likwidacji oÅ›rodka w ZÅ‚otÃ³wku, warto podjÄ…Ä‡ kroki w kierunku utworzenia na terenie WrocÅ‚awia oÅ›rodka dedykowanego dzikim zwierzÄ™tom.
#Wroclaw #zwierzÄ™ta https://t.co/TBZTtYLISx",57,24
54,1021397458797121538,2018-07-23 14:11:45,"Koalicja â€jest Å›wietnie we WrocÅ‚awiu, niczego nie zmieniajmy"" zajmuje siÄ™ sobÄ… i wewnÄ™trznymi konkurami, a nie potrzebami wrocÅ‚awian. Niestety przypomina to raczej wesoÅ‚e miasteczko, a nie powaÅ¼nÄ… dyskusjÄ™ o mieÅ›cie. Trwa karuzela kandydatÃ³w, a nie postulatÃ³w. #WrocÅ‚aw",72,31
55,1021365824471339010,2018-07-23 12:06:03,"UczestniczÄ™ w regionalnych konsultacjach dotyczÄ…cych budowy systemu wsparcia osÃ³b niepeÅ‚nosprawnych i ich rodzin. #Wroclaw wymaga podjÄ™cia w tym kierunku pilnych dziaÅ‚aÅ„, aby staÄ‡ siÄ™ miejscem bez barier, stwarzajÄ…cym warunki samorealizacji i rozwoju bez wzglÄ™du na stan zdrowia. https://t.co/Oi6iAMCivl",52,25
56,1017809197306712064,2018-07-13 16:33:17,"RT @pisorgpl: Politycy #PiS dziÅ› (13.07) w mediach:
17:00 @Radio_TOK_FM - @bwroblewski 
17:15 @PolskieRadio24 - @RozeckaPL 
19:45 @tvsupersâ€¦",0,8
57,1017805217511944192,2018-07-13 16:17:28,RT @AGozdyra: DziÅ› w #TakCzyNie @RozeckaPL @pisorgpl i @TomaszLenz @Platforma_org o #ZgromadzenieNarodowe czy politycy powinni razem Å›wiÄ™toâ€¦,0,5
58,1016734162907205632,2018-07-10 17:21:29,RT @Graffiti_PN: Jutro o 8:45 rozmowa @PiotrWitwicki z MirosÅ‚awÄ… Stachowiak-RÃ³Å¼eckÄ… @RozeckaPL kandydatkÄ… Prawa i SprawiedliwoÅ›ci @pisorgplâ€¦,0,5
59,1016298672395636736,2018-07-09 12:31:00,"WspÃ³lnie z @PremierRP i @PawelHreniak zÅ‚oÅ¼yliÅ›my wieniec pod Pomnikiem Mauzoleum PamiÄ™ci Ofiar Zbrodni UkraiÅ„skich NacjonalistÃ³w we WrocÅ‚awiu #PamiÄ™tamy #WoÅ‚yÅ„43
Potem krÃ³tki spacer po Bulwarze Dunikowskiego :) https://t.co/6f02a2sb9p",40,14
60,1014430022751440896,2018-07-04 08:45:39,"RT @pisorgpl: Premier @MorawieckiM w #Strasburg: Europejska integracja to jedna z najlepszych idei nie tylko w historii Europy, ale i Å›wiatâ€¦",0,19
61,1014428869313613824,2018-07-04 08:41:04,"RT @PremierRP: Premier @MorawieckiM w #Strasburg: Jak kaÅ¼dy narÃ³d Europy, mamy wobec niej swoje oczekiwania â€“ ale teÅ¼ mamy wiele do zaoferoâ€¦",0,44
62,1014423921200902144,2018-07-04 08:21:24,"RT @PremierRP: Premier @MorawieckiM w #Strasburg: Europa powinna byÄ‡ silnym, suwerennym podmiotem w Å›wiecie globalnej gry interesÃ³w.",0,36
63,1014423880444841984,2018-07-04 08:21:14,RT @PremierRP: Premier @MorawieckiM w #Strasburg: Europejska suwerennoÅ›Ä‡ nie moÅ¼e oznaczaÄ‡ budowania #UE kosztem siÅ‚y paÅ„stw czÅ‚onkowskich.â€¦,0,96
64,1014423830465597440,2018-07-04 08:21:02,RT @pisorgpl: Premier @MorawieckiM w #Strasburg: Unia bezpieczna to Unia zdajÄ…ca sobie sprawÄ™ z geopolitycznych wyzwaÅ„ i potrafiÄ…ca odpowieâ€¦,0,30
65,1013182447171919873,2018-06-30 22:08:14,"RT @A_Kilijanek: @RozeckaPL ByÅ‚o widaÄ‡, Å¼e takie spotkania sÄ… potrzebne. Fajnie to dzisiaj wyszÅ‚o. Sala wypeÅ‚niona po brzegi i mnÃ³stwo pytaâ€¦",0,2
66,1013161337126572032,2018-06-30 20:44:21,Owocne spotkanie z Ministrem Infrastruktury Andrzejem Adamczykiem. RozpoczÄ™cie prac projektowych i analiza przebudowy A4 oraz deklaracja wsparcia dla rozwoju kolei aglomeracyjnej we WrocÅ‚awiu to najwaÅ¼niejsze deklaracje dzisiejszego spotkania. #Wroclaw #PolskaJestJedna https://t.co/tmQ2lIVcbT,22,9
67,1013057908827975681,2018-06-30 13:53:21,RT @RozeckaPL: Trwa spotkanie z Ministrem Infrastruktury Andrzejem Adamczykiem we WrocÅ‚awiu. https://t.co/H2NbG6XTSu,0,13
68,1013054778253946881,2018-06-30 13:40:55,Trwa spotkanie z Ministrem Infrastruktury Andrzejem Adamczykiem we WrocÅ‚awiu. https://t.co/H2NbG6XTSu,32,13
69,1009907673545039872,2018-06-21 21:15:27,"RT @czaplinskiii: WÄ™grzy dla PolakÃ³w recytujÄ… J. Lechonia. PiÄ™kny gest!
ğŸ‡µğŸ‡±ğŸ‡­ğŸ‡ºğŸ’ªğŸ» https://t.co/zjjaXhVkcy",0,22
70,1009494559942946817,2018-06-20 17:53:53,A Jagodno? https://t.co/g3y0ipKmDL,4,0
71,1009474740715704320,2018-06-20 16:35:07,"Kilka sÅ‚Ã³w po spotkaniu o #mpk - spÃ³Å‚ce tylko dla twardzieli. Czy wiecie, Å¼e kierowcy i motorniczy nie majÄ… punktÃ³w socjalnych i toalet na pÄ™tlach? SzczegÃ³lnie dotkliwie uderza to w kobiety, a ciÄ…gÅ‚e zwolnienia kierowcÃ³w to zagroÅ¼enie dla bezpieczeÅ„stwa. MPK pracodawcÄ… roku... https://t.co/rgW6XbGR2m",46,25
72,1009084079369801729,2018-06-19 14:42:47,"Pozoranctwo czy brak kompetencji #tramwajnaPopowice. W marcu najtaÅ„sza oferta to 238 mln - przetarg uniewaÅ¼niony, wczoraj juÅ¼ 301 mln. Jak myÅ›licie wÅ‚adze #WrocÅ‚aw chcÄ… zbudowaÄ‡ ten tramwaj? Pytam, bo wÄ…tpiÄ™ https://t.co/qzREmiKFA8",12,7
73,1008798020111093760,2018-06-18 19:46:05,"Å»Å‚obki i przedszkola #skandalrekrutacyjny  #WrocÅ‚aw. KrÃ³tki komentarz po spotkaniu z rozgoryczonym rodzicami :((
https://t.co/5xxkRKtio3",9,9
74,1008762186968240130,2018-06-18 17:23:41,Spotkanie z Prezydentem RP Andrzejem DudÄ… w StrzelinieğŸ¨ https://t.co/80hi5dVhZz,19,8
75,1007326475295641600,2018-06-14 18:18:41,"OdwiedziÅ‚am zapomniane osiedle ZakrzÃ³w. MieszkaÅ„cy pytali o: zadÅ‚uÅ¼enie WrocÅ‚awia, koniecznoÅ›Ä‡ audytu finansÃ³w miasta, rozbudowÄ™ domu opieki dla niepeÅ‚nosprawnych, ObwodnicÄ™ WschodniÄ… WrocÅ‚awia i wiele innych kwestii, a takÅ¼e prezentowali rozwiÄ…zania istniejÄ…cych problemÃ³w. https://t.co/wukbbHoGMG",23,14
76,1006900398697803777,2018-06-13 14:05:37,"MoÅ¼e ci panowie kobiet nie lubiÄ… i nie ceniÄ… jako liderek, albo siÄ™ bojÄ… :-) https://t.co/ayN5GfIYAo",5,2
77,1005899368946380800,2018-06-10 19:47:52,"RT @GoscWroclawski: @PremierRP @MorawieckiM we WrocÅ‚awiu: Polska dla zapomnianych i najbiedniejszych.
https://t.co/BT9sDX1mZB https://t.co/â€¦",0,2
78,1005439906112593922,2018-06-09 13:22:08,Podczas dzisiejszej wizyty Premiera Mateusza Morawieckiego we WrocÅ‚awiu mieliÅ›my okazjÄ™ porozmawiaÄ‡ o rozwoju naszego miasta. DziÄ™kujÄ™ za dobre spotkanie. https://t.co/Q6Qy1etACi,102,30
79,1005438154248245248,2018-06-09 13:15:10,RT @PawelHreniak: Wizyta Premiera Mateusza Morawieckiego we WrocÅ‚awiu @PremierRP @michaldworczyk @j_kopcinska @mareksuski @RozeckaPL @PCzarâ€¦,0,8
80,1004350923257327616,2018-06-06 13:14:54,@Mareksvemi @tvp_info @michalrachon @MagazynSledczy @pisorgpl @mhorala @BeataKempa_KPRM @JacekSwiat @PiotrBabiarz @r_czarnecki https://t.co/L68P6zlXvX,0,0
81,1003566529559121922,2018-06-04 09:18:00,Zapraszam na spotkanie:-) https://t.co/FcZOMZeSeh,30,16
82,1002575637066985473,2018-06-01 15:40:33,W #dziendziecka czytam bajki dzieciom w Parku PoÅ‚udniowym:-) #Wroclaw https://t.co/ppPHNEmOrg,48,14
83,1002544461212213249,2018-06-01 13:36:40,W Dniu Dziecka odwiedziÅ‚am ZakÅ‚ad OpiekuÅ„czo - Leczniczy w Jaszkotlu. #dziendziecka #WrocÅ‚aw https://t.co/kkNmyva3V8,31,7
84,1002541430001360896,2018-06-01 13:24:37,W Dniu Dziecka odwiedziÅ‚am ZakÅ‚ad OpiekuÅ„czo- Leczniczy w Jaszkotlu. https://t.co/98bCo9J2Nk,10,4
85,1001857333964824576,2018-05-30 16:06:16,Kaziu @kmujazdowski jak nie masz czasu gÅ‚osowaÄ‡ w PE to rzuÄ‡ mandat - bÄ™dziesz miaÅ‚ wiÄ™cej czasu na kampaniÄ™ we #WrocÅ‚awiu Link do gÅ‚osowaÅ„ w PE (strona 22 pozycja 10) https://t.co/6Jwj8F0Vmj,22,12
86,1001743659405103104,2018-05-30 08:34:34,W DzieÅ„ Dziecka ğŸ‘¶ğŸ§’ğŸ‘§ poczytam bajki dzieciomğŸ˜ŠSpotkajmy siÄ™ w Parku PoÅ‚udniowymğŸŒ²ğŸŒ³o godzinie 16.00! https://t.co/OxNSVOjYu7,16,7
87,1001004723288395776,2018-05-28 07:38:18,"RT @AkcjaMiasto: Prosimy o RT, jeÅ›li uwaÅ¼acie, Å¼e warto upamiÄ™tniÄ‡ #100latNiepodleglosci, jednoczeÅ›nie uÅ‚atwiajÄ…c Å¼ycie mieszkaÅ„com :) Zbudâ€¦",0,7
88,1000083840696770560,2018-05-25 18:39:02,"Lipa Piotrowska i sÄ…siednie osiedla potrzebujÄ… nowej szkoÅ‚y.
â†’ Do najbliÅ¼szej szkoÅ‚y jest 6 km!
â†’ Dzieci muszÄ… siÄ™ uczyÄ‡ w trybie zmianowym!  
â†’ W okolicach ulicy Kminkowej zamieszka 15 000 mieszkaÅ„cÃ³w!
â†’ PlanujÄ…c tak wielkie inwestycje trzeba zadbaÄ‡ o infrastrukturÄ™! https://t.co/KtzJjXIpUe",13,8
89,1000082409327616002,2018-05-25 18:33:21,"SzkoÅ‚a na Lipie Piotrowskiej musi powstaÄ‡ szybko! To nie tylko moje zdanie ale rÃ³wnieÅ¼ przedstawicieli 4 rad osiedli oraz ich mieszkaÅ„cÃ³w. Dzisiaj spotkaÅ‚am siÄ™ z mieszkaÅ„cami i radnymi osiedlowymi w okolicach ulicy Kminkowej! 
#NaszeKarÅ‚owice #WrocÅ‚aw #OSLipaPiotrowska https://t.co/RlcgP8aVaf",19,10
90,997028581070000128,2018-05-17 08:18:32,"RT @PawelHreniak: Rekordowa dotacja na zabytki Dolnego ÅšlÄ…ska! 5,5 mln zÅ‚ na dofinansowanie prac konserwatorskich, remontowych i robÃ³t budoâ€¦",0,12
91,996092981546496000,2018-05-14 18:20:47,IV Brzeskie Dni Kultury Å»ydowskiej. ByÅ‚o fantastycznie. Do zobaczenia za rok :) https://t.co/N8EGIQ242u,13,6
92,995307959910576130,2018-05-12 14:21:24,"RT @cezarygmyz: ArtyÅ›ci, ktÃ³rym @platforma  zabraÅ‚a 50% kosztÃ³w uzysku na marszu wolnoÅ›ci. Czy trzeba czegoÅ› wiÄ™cej by wytÅ‚umaczyÄ‡ na czymâ€¦",0,243
93,993919422795603968,2018-05-08 18:23:51,"Miasto otwarte to takie, ktÃ³re szanuje inicjatywy oddolne. Niech mieszkaÅ„cy MaÅ›lic sami zdecydujÄ…. Wspieramy.
https://t.co/tdD17V4K45",18,11
94,993850895887687680,2018-05-08 13:51:33,"@BZdrojewski Szanowny Panie, bez manipulacji proszÄ™. Ja odrÃ³Å¼niam OÅ›rodek PamiÄ™Ä‡ i PrzyszÅ‚oÅ›Ä‡ od Centrum Historii Zajezdnia a Pan nie? Oj. O dofinansowaniu dla OÅ›rodka w latach 2007 - 2015 mÃ³wiÅ‚am a nie o budowaniu Muzeum.",9,7
95,992298038818304001,2018-05-04 07:01:03,#matura2018 #wrocÅ‚aw #trzymamkciuki,10,2
96,991629293510938626,2018-05-02 10:43:41,#bociekbaÅ‚oczerwony#bociekwÅ‚asny#bociekheleny https://t.co/wXfyh1dG8B,16,2
97,990625425272565766,2018-04-29 16:14:40,RT @mkrzyzanowski79: Minister Edukacji Anna Zalewska na spotkaniu w Lutyni: UwolniliÅ›my pensje nauczycieli zawodu. Pracodawcy chcÄ… wspieraÄ‡â€¦,0,7
98,990294980781596672,2018-04-28 18:21:36,RT @PiotrGlinski: Kolekcja byÅ‚a zagroÅ¼ona. Nie byÅ‚a pokazywana i dobrze zaopiekowana. A.K. Czartoryski wielokrotnie zmieniaÅ‚ zarzÄ…d i statuâ€¦,0,16
99,989441442467794945,2018-04-26 09:49:57,"RT @pisorgpl: O godz. 13:00 zapraszamy na konferencjÄ™ prasowÄ… Prezesa #PiS J. #KaczyÅ„ski, ul. Nowogrodzka 84/86, Warszawa. Transmisja na naâ€¦",0,73
100,988806317996376064,2018-04-24 15:46:12,"RT @pisorgpl: Politycy #PiS dziÅ› (24.04) w mediach:
17:30 @RadiowaJedynka - @a_milczanowska 
17:45 @RadiowaTrojka - @r_czarnecki 
19:15 @Poâ€¦",0,9
101,988796792719532032,2018-04-24 15:08:20,"RT @AGozdyra: DziÅ› u mnie o tym, czy sejmowy protest powinien siÄ™ zakoÅ„czyÄ‡ i czy rzÄ…d wie, jak pomÃ³c niepeÅ‚nosprawnym - @RozeckaPL @pisorgâ€¦",0,10
102,988785784265330688,2018-04-24 14:24:36,RT @tvp_info: Poruszona @E_Rafalska: chciaÅ‚abym speÅ‚niÄ‡ oczekiwania wszystkich osÃ³b niepeÅ‚nosprawnych w Polsce tu i teraz. Nie udÅºwignÄ™ tycâ€¦,0,296
103,988519453611692032,2018-04-23 20:46:18,"RT @pisorgpl: Politycy #PiS jutro (24.04) w mediach:
07:30 @PolskieRadio24 - @JoannaLichocka
08:02 @rmf_fm - @RozeckaPL
08:10 @tvp_info - @â€¦",0,10
104,988500121431232517,2018-04-23 19:29:29,"RT @pikus_pol: JeÅ¼eli przegapiÅ‚eÅ› musisz wysÅ‚uchaÄ‡â—ï¸â—ï¸
Jacek Åšwiat:
- D.Tusk stworzyÅ‚ coÅ› takiego jak filozofia NIEODPOWIEDZIALNOÅšCI. Niktâ€¦",0,394
105,985628096316485634,2018-04-15 21:17:04,#PolskaJestJedna #Trzebnica ByÅ‚o miÅ‚o i rzeczowo @JoannaLichocka DziÄ™kujemy za spotkanie :) https://t.co/Q8mH0hNApP,23,3
106,985264062966714368,2018-04-14 21:10:32,"RT @smok05: No to teraz aby przebiÄ‡ @pisorgpl bÄ™dzie musiaÅ‚a @Platforma_org  daÄ‡ Polakom po Apartamencie w Chorwacji, zegarku i cysternie lâ€¦",0,305
107,985258593267175425,2018-04-14 20:48:48,"A po emocjonujÄ…cym peÅ‚nym konwencji dniu, odkrycie me z ostatnich dni, polecam! @baspiela #kukieÅ‚kowyÅšwiatBasi",9,1
108,985169090355630080,2018-04-14 14:53:09,"RT @BeataSzydlo: Na #konwencjaPiS mÃ³wiÅ‚am o projektach #KomitetSpoÅ‚ecznyRM, ktÃ³re wprowadzi rzÄ…d:
 âœ”ï¸Bon dla mÅ‚odzieÅ¼y na sport i kulturÄ™.â€¦",0,250
109,985127663726624768,2018-04-14 12:08:32,"RT @WZubowski: DziÅ› dwie konwencje i tradycyjnie @pisorgpl o Polsce i Polakach, a @Platforma_org o PiS.",0,1
110,985122326336430080,2018-04-14 11:47:19,"RT @michalkarnowski: PiÄ…tka Morawieckiego. Oto 5 zmian, ktÃ³re zapowiedziaÅ‚ szef rzÄ…du. W maksymalnym skrÃ³cie https://t.co/0Y4s6L3hPS",0,11
111,985120390245732352,2018-04-14 11:39:38,@BeataSzydlo Potrzebujemy Waszej mÄ…droÅ›ci! Musimy znowu siÄ™ z Wami spotkaÄ‡! #konwencjaPiS,1,0
112,985119959817818112,2018-04-14 11:37:55,"@BeataSzydlo Dzisiaj trzeba byÅ›my staneli i powiedzieli, Å¼e nie ma nic piÄ™kniejszego niÅ¼ Polska! #konwencjaPiS",2,0
113,985118592990576642,2018-04-14 11:32:29,@BeataSzydlo Bon na zajÄ™cia kulturalne i sportowe dla mÅ‚odzeÅ¼y #konwencjaPiS,5,1
114,985118134515437568,2018-04-14 11:30:40,RT @beatamk: #PiÄ…tkaMorawieckiego ktÃ³rÄ… proszÄ™ podajcie dalej ğŸ˜Š https://t.co/Ky63WWqqfw,0,178
115,985117468191490051,2018-04-14 11:28:01,@BeataSzydlo Dzieci i Rodzina to fundament Polski #konwencjaPiS,1,1
116,985114418035003392,2018-04-14 11:15:54,@MorawieckiM PolskÄ™ staÄ‡ na odzyskanie wielkoÅ›ci wÅ‚asnymi siÅ‚ami #konwencjaPiS,3,0
117,985114146739052545,2018-04-14 11:14:49,@MorawieckiM Warto byÄ‡ Polakiem. Trzeba sie staraÄ‡ aby Polska byÅ‚a coraz lepsza. JesteÅ›my OjczyznÄ… Wielkich Ludzi #konwencjaPiS,1,1
118,985113467781861377,2018-04-14 11:12:07,"@MorawieckiM Dla nas jest Polska od A do Z, Polska jest jedna! #konwencjaPiS",2,0
119,985113213846130688,2018-04-14 11:11:07,@MorawieckiM Program Drogi Lokalne i Specjalny Fundusz dla naprawy i budowy drÃ³g powiatowych #konwencjaPiS,2,0
120,985112266147270656,2018-04-14 11:07:21,@MorawieckiM Program DostÄ™pnoÅ›Ä‡ Plus dla SeniorÃ³w i osÃ³b niepeÅ‚nosprawnych #konwencjaPiS,0,1
121,985111965918953472,2018-04-14 11:06:09,@MorawieckiM ObniÅ¼amy po raz kolejny podatek CIT #konwencjaPiS,0,0
122,985111451252805632,2018-04-14 11:04:07,"@MorawieckiM Nowy program, Wyprawka 300 #konwencjaPiS",3,1
123,985110712375742464,2018-04-14 11:01:10,DziaÅ‚amy dla Polski! #konwencjaPiS,7,3
124,985108237350563840,2018-04-14 10:51:20,Polska ma dobrego gospodarza. Budujemy PolskÄ™ rÃ³wnych szans i rÃ³wnych moÅ¼liwoÅ›ci dla kaÅ¼dego. #PMM #konwencjaPiS,9,3
125,985106173107064832,2018-04-14 10:43:08,Ruszamy! Program Walki ze Smogiem # PMM #konwencjaPiS,6,1
126,985106039287709697,2018-04-14 10:42:36,Nasz program nazywa siÄ™ Polska #PMM #konwencjaPiS,8,2
127,985105914112954368,2018-04-14 10:42:06,Polska musi byÄ‡ bardziej sprawiedliwa #PMM #konwencjaPiS,4,1
128,985105699704274944,2018-04-14 10:41:15,NiÅ¼szy ZUS dla przedsiÄ™biorcÃ³w #PMM #konwencjaPiS,6,2
129,985103853598183425,2018-04-14 10:33:55,Kwestia moralnoÅ›ci w polityce jest niezwykle waÅ¼na #JarosÅ‚aw KaczyÅ„ski #konwencjaPiS,9,1
130,985103462252900353,2018-04-14 10:32:22,"Nie dziaÅ‚amy dla siebie, dziaÅ‚amy dla PolakÃ³w #JarosÅ‚aw KaczyÅ„ski #konwencjaPiS",6,0
131,985103134015049730,2018-04-14 10:31:04,My jedziemy Å¼eby sÅ‚uchaÄ‡ i rozmawiaÄ‡ z Polakami #konwencjaPiS,6,0
132,985102722323177474,2018-04-14 10:29:25,"Chcemy przekazaÄ‡ to co zrobiliÅ›my, bez pychy! #konwencjaPiS",6,0
133,985102105722736640,2018-04-14 10:26:58,JarosÅ‚aw KaczyÅ„ski. Zaczynamy wielkÄ… drogÄ™ po Polsce i wielkÄ… rozmowÄ™ z Polakami  #konwencjaPiS,4,1
134,985097813628465152,2018-04-14 10:09:55,Polska jest jedna! #konwencjaPiS,5,0
135,985092865662619648,2018-04-14 09:50:15,"RT @pisorgpl: Ok. godz. 12:00 zapraszamy do oglÄ…dania transmisji z #KonwencjaPiS na naszym profilu #Facebook. â¡ï¸ https://t.co/NcdiQWMfvJ
#Pâ€¦",0,105
136,984838880775036931,2018-04-13 17:01:01,"RT @AKlarenbach: Zapraszam na #Forum @tvp_info:
â–ª @RozeckaPL (@pisorgpl) 
â–ª Tadeusz CymaÅ„ski (@SolidarnaPL) 
â–ª @GrzegorzFurgo (@Platforma_oâ€¦",0,33
137,984356019030634503,2018-04-12 09:02:18,"RT @pisorgpl: Premier @MorawieckiM w #KPRM: Zdajemy sobie sprawÄ™ z koniecznoÅ›ci pomocy ludziom, ktÃ³rzy nie majÄ… ocieplonych domÃ³w i ktÃ³rychâ€¦",0,15
138,981529501631959040,2018-04-04 13:50:43,"Reaktywacja Technikum Å»eglugi ÅšrÃ³dlÄ…dowej we WrocÅ‚awiu staÅ‚a siÄ™ faktem :)
https://t.co/uqz1mCxW6O",6,4
139,981471055775707137,2018-04-04 09:58:29,"RT @300polityka: LipiÅ„ski o Ujazdowskim: Zawsze przedstawiaÅ‚Â swoje konserwatywne poglÄ…dy, teraz ma mieÄ‡ poparcie z partii, ktÃ³ra mocno skrÄ™â€¦",0,4
140,981469909011124224,2018-04-04 09:53:55,RT @PawelHreniak: Technikum Å»eglugi ÅšrÃ³dlÄ…dowej wraca do WrocÅ‚awia! Trwa konf. pras. na temat planÃ³w rozwoju i promocji szkoÅ‚y przy ul. MÅ‚oâ€¦,0,7
141,979401235043442690,2018-03-29 16:53:45,"RT @pisorgpl: Politycy #PiS dziÅ› (29.03) w mediach:
16:15 @PolskieRadio24 - @waldemar_buda
18:05 @RepublikaTV - @waldemar_buda
19:20 @tvn24â€¦",0,11
142,973878144041082880,2018-03-14 11:06:57,RT @PawelHreniak: Pierwsze posiedzenie zespoÅ‚u roboczego ws. przejÄ™cia Klasztornego ZespoÅ‚u Pocysterskiego w LubiÄ…Å¼u @MKiDN_GOV_PL @Rozeckaâ€¦,0,6
143,973568770630447105,2018-03-13 14:37:37,"DziÅ› o NFM sÅ‚Ã³w kilka...
https://t.co/mJltC4tWzn",2,1
144,969673485839630336,2018-03-02 20:39:09,"RT @AKlarenbach: #Forum @tvp_info w piÄ…tek:
https://t.co/oyuZIRr3ts
#wieszwiecej",0,11
145,968563213397905408,2018-02-27 19:07:19,RT @Radio__Plus: JuÅ¼ za chwilÄ™ zaczynamy #SednoSprawyPlus . O systemie edukacji porozmawiajÄ… @RozeckaPL i @kr_szumilas . Program prowadzi @â€¦,0,5
146,960832858335084545,2018-02-06 11:09:39,"RT @FaktyTVP3: â—ï¸PILNY APEL Regionalnego Centrum Krwiodawstwa i Krwiolecznictwa we WrocÅ‚awiuâ—ï¸

DÅš szpitale potrzebujÄ… krwi grupy 0 Rhâ€“. Å»yâ€¦",0,4
147,960819438554578945,2018-02-06 10:16:19,Ustawa o ustanowieniu Narodowego Dnia PamiÄ™ci PolakÃ³w ratujÄ…cych Å»ydÃ³w zdaniem p. Mieszkowskiego - szkodliwa!,5,6
148,959441891430453249,2018-02-02 15:02:27,"RT @PawelHreniak: Spotkanie w Kancelarii Premiera w sprawie cysterskiego zespoÅ‚u klasztornego w LubiÄ…Å¼u. https://t.co/tCYshqi8B6
@PremierRPâ€¦",0,3
149,958750278190235648,2018-01-31 17:14:13,"RT @PiotrGlinski: CieszÄ™ siÄ™, Å¼e Muzeum Narodowe we WrocÅ‚awiu moÅ¼e rozwijaÄ‡ swojÄ… ofertÄ™ kulturalnÄ…. Tutaj sÄ… wielkie nazwiska i wspaniaÅ‚eâ€¦",0,3
150,958335489844670466,2018-01-30 13:46:00,@LPrusinowska Madziu Ä‡wiczymy :),1,0
151,957221350602674176,2018-01-27 11:58:48,RT @pisorgpl: Spotkanie Prezesa #PiS J. #KaczyÅ„ski z Sekretarzem Stanu #USA R. #Tillerson. https://t.co/BRSnUTxhKV,0,417
152,956156827007442944,2018-01-24 13:28:46,OÅ›wiadczenie: dotyczy zdjÄ™cia z Panem Piotrem Rybakiem na TT https://t.co/yFR2A2CAHu,6,8
153,934029752268181504,2017-11-24 12:03:41,RT @rafalplichta: NajmocnejÅ¡Ã­ poÄ¾skÃ½ politik Jaroslaw Kaczynski ÄÃ­tal prÃ­ruÄku o maÄkÃ¡ch https://t.co/aIizgaMmo5,0,55
154,928254931840176128,2017-11-08 13:36:36,@mary_m95 jestem jednym z wnioskodawcÃ³w,1,0
155,885898776719892481,2017-07-14 16:28:22,"WKS ÅšlÄ…sk panie prezydencie tu 10 milionÃ³w a lokatorÃ³w bezprawnie fru? Czyszczenie kamienic po wrocÅ‚awsku
https://t.co/f2vxZYNKVu",11,6
156,885897870850883587,2017-07-14 16:24:46,WKS ÅšlÄ…sk pan Bluj opowiada bÄ™dzie proces...taki jak z Krzywdami albo Mostostalem?,3,1
157,885897571423727616,2017-07-14 16:23:34,WKS ÅšlÄ…sk tak sobie szastamy tymi publicznymi pieniÄ™dzmi...a jak zabraknie to wyrzucimy mieszkaÅ„cÃ³w z mieszkaÅ„ oj,2,0
158,885896269360762881,2017-07-14 16:18:24,WKS ÅšlÄ…sk a doradca inwestycyjny wynagrodzenie otrzyma?,2,1
159,885896064586440705,2017-07-14 16:17:35,"WKS ÅšlÄ…sk no cÃ³Å¼ glosowanie dziÅ› za to podnoszenie rÄ™ki za kolejnym kredytem, prawda niestety",2,0
160,885894745733693443,2017-07-14 16:12:21,WKS ÅšlÄ…sk oooo wrÃ³ciÅ‚ :),0,0
161,885894062603218944,2017-07-14 16:09:38,"#WKS ÅšlÄ…sk po co ma sÅ‚uchaÄ‡, przecieÅ¼ na pewno jest plan, prosty jak zwykle ratujemy",0,0
162,885893628111015936,2017-07-14 16:07:54,"#WKS ÅšlÄ…sk trwa sesja nadzwyczajna ale R.Dutkiewicz nie ciekaw opinii radnych, czmychnÄ…Å‚ wÅ‚aÅ›nie :(",1,0
163,869607694931570688,2017-05-30 17:33:25,RT @prwpl: ByÅ‚y milicjant z Lubina znowu unika odpowiedzialnoÅ›ci za ZbrodniÄ™ LubiÅ„skÄ… https://t.co/Pfl4vqgQ2S,0,2
164,869502447764606976,2017-05-30 10:35:12,"#SesjaRadyMiejskiej WKS ÅšlÄ…sk no i jest co miaÅ‚o byÄ‡, za jakiÅ› czas RD powie to nie ja to radni. ZapamiÄ™tajmy.",2,0
165,869497752157384705,2017-05-30 10:16:33,"#SesjaRadyMiejskiej WKS ÅšlÄ…sk ciekawe czy radni uzyskali dziÅ› odpowiedÅº na podstawowe pytanie, to prywatyzujemy czy nie? Bo juÅ¼ nie wiem.",1,0
166,869495042490195968,2017-05-30 10:05:47,"#SesjaRadyMiejskiej WKS ÅšlÄ…sk ""czy wy nas macie za idiotÃ³w?""
https://t.co/NC3Vi7SCWp",3,1
167,869488316583903237,2017-05-30 09:39:03,"Na sesji cytaty chwytliwe, to przypomnÄ™ 
https://t.co/FMrH6oJ0jm",1,1
168,869486794991185921,2017-05-30 09:33:00,A rozumiem kÅ‚opotom WKS ÅšlÄ…sk winna atmosfera w Radzie Miejskiej nie bÅ‚Ä™dne decyzje RD,2,1
169,869486204982571009,2017-05-30 09:30:40,"WKS ÅšlÄ…sk Dutkiewicz ""do tej pory nie byÅ‚o dobrej atmosfery na tej sali"" jak to przecieÅ¼ radni RD zawsze podnosili rÄ™kÄ™ tak jak sobie Å¼yczyÅ‚",3,1
170,860474664908464128,2017-05-05 12:42:01,"Wroclaw nabrzeÅ¼e, zawaliÅ‚o siÄ™ niech leÅ¼y....u Dudkiewicza narada nad ustaleniem kompetencji. Å¹rÃ³dÅ‚o: TVP Info.",5,2
171,852264915582767105,2017-04-12 20:59:24,@ISzafranska @WasikMaciej i ja,1,0
172,848498613516939264,2017-04-02 11:33:28,"Åšwiatowy DzieÅ„ ÅšwiadomoÅ›ci Autyzmu..znalezione w sieci :)
https://t.co/ZttdbjfaXI",1,0
173,848196529043251203,2017-04-01 15:33:05,RT @BeataSzydlo: Dzisiaj urodziny polskiej rodzinyğŸ˜€ #rodzina500plus #Rok500plus https://t.co/Ldu1CBxjDE,0,260
174,847802060355534848,2017-03-31 13:25:37,"RT @pisorgpl: Politycy #PiS dziÅ› (31.03) w mediach:
16:00 @PolsatNewsPL - Z. #Dolata
17:20 @RadiowaJedynka - @RozeckaPL 
18:00 @tvp_info -â€¦",0,5
175,845304595958153216,2017-03-24 16:01:35,RT @WZubowski: Koordynatorzy samorzÄ…dowi @pisorgpl wojewÃ³dztwa dolnoÅ›lÄ…skiego:-) https://t.co/dHU3pXE4v8,0,3
176,834778483284901888,2017-02-23 14:54:34,"RT @pisorgpl: Politycy #PiS dziÅ› (23.02) w mediach:
19:55 @tvp_info - @BeataKempa_KPRM 
20:00 @RepublikaTV - K.#PawÅ‚owicz
20:10 @tvp_info -â€¦",0,3
177,824987546874736640,2017-01-27 14:28:53,"RT @pisorgpl: Politycy #PiS dziÅ› (27.01) w mediach:
20:00 @RepublikaTV - @StKarczewski 
20:10 @tvp_info - @RozeckaPL/@IwonaMichaek",0,7
178,820927745165238272,2017-01-16 09:36:41,RT @RadioRodzina: @RozeckaPL w #PORANNYGOÅšÄ† o proteÅ›cie w Sejmie i sytuacji w Radzie Miejskiej #WrocÅ‚aw https://t.co/8okMUTMKQL https://t.câ€¦,0,2
179,820610122275758080,2017-01-15 12:34:34,"Jutro (16.01.2017 r.) o godz. 8:10 bÄ™dÄ™ goÅ›ciem programu ""GoÅ›Ä‡ poranny"" w  Radiu Rodzina. ZachÄ™cam wszystkich do wysÅ‚uchania audycji.",13,4
180,819582996302991360,2017-01-12 16:33:08,DziÅ› o godz. 20:10 bÄ™dÄ™ goÅ›ciem programu #MineÅ‚a20 w TVP Info. ZachÄ™cam wszystkich do obejrzenia.,36,4
181,818857215461326848,2017-01-10 16:29:08,"RT @Brat_Albert: Uwaga! Ponownie tej zimy bardzo potrzebujemy kocÃ³w, poÅ›cieli, koÅ‚der, ciepÅ‚ych butÃ³w, ciepÅ‚ej odzieÅ¼y mÄ™skiej itd. https:/â€¦",0,19
182,818841686684168192,2017-01-10 15:27:26,W lipcu ub. r. interweniowaÅ‚am ws. #smog. #dobrazmiana konieczna od zaraz https://t.co/lFYEU0uDnY,7,1
183,815192631600906244,2016-12-31 13:47:23,"Synka matura, rekrutacja to nic do ""pierwsza jazda"" dziÅ› za nami...uff. Koniec 2016!",2,1
184,804266682084638720,2016-12-01 10:11:34,"NiektÃ³re gimnazja sÄ… dobre? Zgoda! NiektÃ³re sÄ…, ale dobre majÄ… byÄ‡ wszystkie szkoÅ‚y. #Sejm #reformaedukacji #dobrazmiana #wrocÅ‚aw https://t.co/EFfdTvvVpH",8,6
185,803982220126027780,2016-11-30 15:21:13,RT @mirspy: Nasza odpowiedÅº na insynuacje WÅ‚adysÅ‚awa Frasyniuka na Å‚amach  @wyborczawroclaw https://t.co/uSe4h2ZctM,0,1
186,801830450528395264,2016-11-24 16:50:51,@pacamaj nie martw siÄ™ o mnie..martw siÄ™ o WrocÅ‚aw!,0,0
187,801799357305651201,2016-11-24 14:47:18,https://t.co/0buBv5Yiy1,9,6
188,794569116745080833,2016-11-04 15:56:54,"RT @pisorgpl: Politycy #PiS dziÅ› (4.11) w mediach:
19:57 @tvp_info - @Macierewicz_A 
20:00 @tvn24 - @PiotrGlinski 
20:10 @tvp_info - @Rozecâ€¦",0,4
189,794531382177529856,2016-11-04 13:26:57,"RT @michaldworczyk: Sejm, jednogÅ‚oÅ›nie przyjÄ…Å‚ ustawÄ™ o KrzyÅ¼u Wschodnim - odznaczeniu dla osÃ³b ratujÄ…cych PolakÃ³w na Kresach :)",0,18
190,791019344146866177,2016-10-25 20:51:22,@michal_kolanko po komisji sprawiedliwoÅ›ci ...oczywiÅ›cie,4,0
191,788393371366625280,2016-10-18 14:56:42,"RT @GGenowefa: GodzÄ…c siÄ™ na sponsoring obchodÃ³w rocznicowych TK, konstytucyjny organ paÅ„stwa, strzeliÅ‚ sobie w kolano, zabiÅ‚ swojÄ… niezaleâ€¦",0,220
192,788339826626093056,2016-10-18 11:23:55,RT @A_Gajcy: PiS wypowiedziaÅ‚ wojnÄ™ ukÅ‚adowi mafijnemu ws #reprywatyzacja dajÄ…c duÅ¼e nadzieje pokrzywdzonym na #zwrotKamienic Oby byÅ‚a to zâ€¦,0,135
193,786931991925125121,2016-10-14 14:09:42,RT @wyborczawroclaw: ZaginÄ™Å‚a Agnieszka Åochowska. WidziaÅ‚eÅ› jÄ…? [ZDJÄ˜CIE]:  https://t.co/WOxW7KEGJF,0,1
194,784048272860127232,2016-10-06 15:10:49,"RT @pisorgpl: Politycy #PiS dziÅ› (6.10) w mediach:
19:25 @tvn24 - @RozeckaPL 
19:57 @tvp_info - @MarzenaMachalek 
20:00 @RepublikaTV - @Zieâ€¦",0,8
195,780487351214731269,2016-09-26 19:20:59,RT @gaz_wroclawska: ZaginÄ™Å‚a Aleksandra Karaszewska. MoÅ¼e byÄ‡ wszÄ™dzie. Policja prosi o pomoc w poszukiwaniach: https://t.co/ElsdBC1z23 httâ€¦,0,261
196,765559595666464772,2016-08-16 14:43:25,RT @rzeczpospolita: #PiS chce ustanowienia roku 2017 rokiem pamiÄ™ci o ofiarach operacji polskiej NKWD https://t.co/wlRt23RUKe,0,2
197,761212557722062848,2016-08-04 14:49:51,"A Jaros zbiera podpisy...
https://t.co/X0rEwaYJZZ",1,1
198,761204274206572545,2016-08-04 14:16:56,RT @K_Mieszkala: WrocÅ‚aw: ChcÄ… zniesienia opÅ‚aty targowej. Radni PiS skÅ‚adajÄ… projekt uchwaÅ‚y https://t.co/sNX0HzXf6B,0,3
199,755146847098929152,2016-07-18 21:06:52,@MariaBartoszko dopiero zaczyna..szuka fachowcÃ³w..hi hi,0,0
200,755145818789801984,2016-07-18 21:02:47,"@MariaBartoszko jak siÄ™ zorientowaÅ‚, Å¼e siÄ™ trochÄ™ w polityce orientujÄ™, to otrzymaÅ‚am propozycjÄ™ piastowania stanowiska premiera hej :)",1,0
201,755144916213325825,2016-07-18 20:59:12,"LeciaÅ‚am dziÅ› z przemiÅ‚ym 7 latkiem u boku, lubi Palikota, tylko nie PiS i takie.. bÄ™dzie politykiem.Premierem, pytam? Nie..Prezesem!",5,0
202,750500155024179200,2016-07-06 01:22:35,Jeszcze tylko pamiÄ…tkowe zdjÄ™cia...i pchÅ‚y na noc :),0,0
203,750499436288237568,2016-07-06 01:19:43,Bo kamery wÅ‚Ä…czone a wiÄ™c spektakl trwa..,0,0
204,750499167664046082,2016-07-06 01:18:39,To znaczy finaÅ‚...chyba,0,0
205,750498925891710976,2016-07-06 01:17:42,85 hej! To zaczy artykuÅ‚..,0,0
206,750498231314972672,2016-07-06 01:14:56,Bez poezji...proÅ›ba z sali..,0,0
207,750497356458631168,2016-07-06 01:11:28,Chyba juÅ¼ odpadam ...jaki krÃ³liczek? Kom.SprawiedliwoÅ›ci,1,0
208,749168325910028288,2016-07-02 09:10:22,J.KaczyÅ„ski: chcemy Unii narodÃ³w...tylko taka bÄ™dzie budowaÅ‚a wspÃ³lnÄ… siÅ‚Ä™.. #KongresPIS,2,0
209,749164822420459521,2016-07-02 08:56:27,Mamy prawo do naprawy Rzeczypospolitej! J.KaczyÅ„ski #KongresPiS,1,0
210,749163542570471424,2016-07-02 08:51:21,"RT @pisorgpl: Trwa wystÄ…pienie Prezesa #PiS J. KaczyÅ„skiego podczas #KongresPiS. Podajcie dalej!
Transmisja:
https://t.co/PR3993jmKw",0,25
211,748640004151332864,2016-06-30 22:11:00,Koniec z zakupami...w biedronce myÅ›lÄ™..co?,2,0
212,730305964855922689,2016-05-11 07:58:05,#raPOrt PiS zawsze bÄ™dzie staÅ‚o po stronie PolakÃ³w!,1,0
213,730304459948097536,2016-05-11 07:52:06,"Posumowanie rzÄ…dÃ³w POPSL: to egoizm, marnotrawstwo, pogarda #raPOrt",0,0
214,730303371345833984,2016-05-11 07:47:46,Przez 8 lat budowaliÅ›cie paÅ„stwo silne wobec sÅ‚abych a sÅ‚abe wobec silnych #raport,1,0
215,730302511723253760,2016-05-11 07:44:21,"PO PSL nie rzÄ…dziÅ‚y paÅ„stwem, to byÅ‚o trwanie.. #raport",2,0
216,730302173083488256,2016-05-11 07:43:01,Demokracja to rÃ³wnieÅ¼ odpowiedzialnoÅ›Ä‡ za czyny i sÅ‚owa #raport,1,0
217,730301732119584768,2016-05-11 07:41:15,Przez 8 lat nikt za nic nie odpowiadaÅ‚ #raport,0,0
218,730301464422326272,2016-05-11 07:40:12,RT @PremierRP: Premier @BeataSzydlo w #Sejm: obowiÄ…zkiem kaÅ¼dej wÅ‚adzy jest rozliczenie siÄ™ ze swych zobowiÄ…zaÅ„ #raPOrt,0,4
219,724648101026385920,2016-04-25 17:15:45,"No to mamy we WrocÅ‚awiu koalicjÄ™..a raczej ""Åšwiat wg Kiepskich""  :( 

https://t.co/hnkdLgNy7s",2,0
220,713655243599454208,2016-03-26 09:14:03,https://t.co/zA3tWj2UvC,3,0
221,708672426650025984,2016-03-12 15:14:07,"RT @AC_Sobol: ""DaliÅ›my Wam sÅ‚owo""
https://t.co/34TwOU2Dmf
#podajdalej",0,13
222,680872909364178945,2015-12-26 22:08:46,@Stefanpierwszy :)))),0,0
223,666964955170779137,2015-11-18 13:03:31,@Jarosl_Lesiecki @cloomm oj..:))),2,0
224,666937554780987392,2015-11-18 11:14:38,"ProszÄ™ Was wszystkich o merytorycznÄ… i dobrÄ… wspÃ³Å‚pracÄ™, nie dla nas ale dla PolakÃ³w! #expose",1,0
225,666936940009254913,2015-11-18 11:12:12,Polacy chcÄ… wierzyÄ‡ w uczciwoÅ›Ä‡ swojego kraju #expose,1,0
226,666936474043052034,2015-11-18 11:10:21,Polska bÄ™dzie chroniÄ‡ PolakÃ³w mieszkajÄ…cych za granicÄ… a w razie zagroÅ¼enia ewakuowaÄ‡! #expose,0,0
227,666933034151735296,2015-11-18 10:56:41,"Media publiczne muszÄ… dysponowaÄ‡ Å›rodkami, ktÃ³re pozwolÄ… na realizacjÄ™ MISJI #expose",1,1
228,666932636439453696,2015-11-18 10:55:06,Obywatel ma prawo do rzetelnej i obiektywnej informacji #expose,0,0
229,666932412283252737,2015-11-18 10:54:12,Trzeba zaczÄ…Ä‡ doceniaÄ‡ polskich twÃ³rcÃ³w #expose,1,1
230,666932255240134656,2015-11-18 10:53:35,Nie bÃ³jmy siÄ™ budowaÄ‡ etosu polskich bohaterÃ³w #expose,1,0
231,666931025512161280,2015-11-18 10:48:42,WiedzÄ™ i postawy powinna ksztaÅ‚towaÄ‡ szkoÅ‚a #expose,1,0
232,666930798193430528,2015-11-18 10:47:47,Trzeba odbudowaÄ‡ polskie szkolnictwo zawodowe #expose,0,0
233,666928781815320577,2015-11-18 10:39:47,"Ochrona polskiej ziemi to kwestia, ktÃ³ra dotyczy nas wszystkich #expose",0,0
234,666928578047660032,2015-11-18 10:38:58,Chcemy stworzyÄ‡ takie szanse by kaÅ¼dy mÃ³gÅ‚ korzystaÄ‡ z owocÃ³w rozwoju #expose,0,0
235,666928065323401216,2015-11-18 10:36:56,@beataszydÅ‚o: my bÄ™dziemy pytaÄ‡ obywateli we wszystkich waÅ¼nych sprawach #expose,0,0
236,666927378791342080,2015-11-18 10:34:12,Pacjent nie moÅ¼e byÄ‡ pozycjÄ… w bilansie #expose,0,0
237,666924856764682240,2015-11-18 10:24:11,Polska potrzebuje przedsiÄ™biorczoÅ›ci mÅ‚odych PolakÃ³w #expose,1,0
238,666924060660617216,2015-11-18 10:21:01,BÄ™dziemy sÅ‚uchaÄ‡ i co najwaÅ¼niejsze sÅ‚yszeÄ‡ co mÃ³wiÄ…Polacy #expose,0,0
239,666923298513690624,2015-11-18 10:17:59,Dziecko nie koszt to inwestycja #expose,0,0
240,666922938654990336,2015-11-18 10:16:34,"Po pierwsze rozwÃ³j, po drugie rozwÃ³j i po trzecie rozwÃ³j #expose",1,0
241,666922773944664064,2015-11-18 10:15:54,MaÅ‚ym codziennym sprawom moich RodakÃ³w ja chcÄ™ sÅ‚uÅ¼yÄ‡! #expose,0,0
242,666922331755933696,2015-11-18 10:14:09,Dla RzÄ…du rzeczÄ… najwaÅ¼niejszÄ… jest bezpieczeÅ„stwo Polek i PolakÃ³w #expose,0,0
243,658917422615891968,2015-10-27 08:05:30,"@sobolowy zapewniam, Å¼e nie!",0,0
244,658764589446922240,2015-10-26 21:58:12,"Wiadomo, Å¼e niby wiadomo...ale co sobie Polacy teraz myÅ›lÄ…?...o PKW :)",2,0
245,658763792357203970,2015-10-26 21:55:01,Jaka jest rÃ³Å¼nica pomiÄ™dzy wynikami gÅ‚osowania a wynikami wyborÃ³w ...pytam?,8,7
246,658580087873343488,2015-10-26 09:45:03,@Michal_Bajerski ...od jutra! BÄ™dzie juÅ¼ oficjalnie,0,0
247,629740985304662016,2015-08-07 19:48:45,@kamilo_sadowski witaj...:))),1,0
248,626138985560154112,2015-07-28 21:15:41,@MariaBartoszko @ARomasze ha i ciekawi mnie czy tym ciÄ™Å¼ko pracujÄ…cym przy rozÅ‚adunku i malowaniu trawy pracownikom zapÅ‚acili ekstra?,0,0
249,626137232492130304,2015-07-28 21:08:43,@MariaBartoszko @ARomasze tam deficytowe wszystko...ale obok muzeum tam przecieÅ¼ Å‚adniejsze chyba :)),1,0
250,626135370468564997,2015-07-28 21:01:20,"@ARomasze serio serio...caÅ‚y Å‚ykend sprzÄ…tali, urzÄ…d malowali a wczoraj wieczorem tiry z meblami zajechaÅ‚y i pod osÅ‚onÄ… nocy te meble...",8,3
251,618530665563336704,2015-07-07 21:22:57,RT @GoTracz: Jutro o 13:30 na Placu Solnym uruchamiamy pierwszy staÅ‚y stolik zbiÃ³rki podpisÃ³w @ReferendumWro http://t.co/TdeW3L1TNm,0,5
252,618073521340698624,2015-07-06 15:06:25,"RT @Przemek_Filar: @Przemek_Filar koszty 300-600 mln za kilometr, 32 kilometry metra we WrocÅ‚awiu",0,1
253,617001243400126464,2015-07-03 16:05:34,"#MyslacPolska @DawidJackiewicz na pierwszym miejscu zawsze, ZAWSZE bedziemy stawiaÄ‡ POLSKÄ„ RACJÄ˜ STANU!",1,0
254,617000369776889856,2015-07-03 16:02:06,#MyslacPolska @DawidJackiewicz paÅ„stwo ma siÄ™ angaÅ¼owaÄ‡ tylko w te obszary gospodarki gdzie jest to niezbÄ™dne,1,1
255,616999959024541710,2015-07-03 16:00:28,#MyslacPolska @DawidJackiewicz nasze zadanie to wyeliminowanie patologii w sektorze publicznym,0,0
256,616998743980814336,2015-07-03 15:55:38,#MyslacPolska @DawidJackiewicz nadzÃ³r nad skarbem paÅ„stwa to takÅ¼e polityka prorozwojowa,0,0
257,616988453771837440,2015-07-03 15:14:45,#myslacpolska @Jaroslaw_Gowin chcemy Å¼yÄ‡ po polsku...,0,0
258,616987263218618368,2015-07-03 15:10:01,#myslacpolska @Jaroslaw_Gowin decyzja podjÄ™ta z naruszeniem prawa ma byc z automatu niewaÅ¼na,1,2
259,616985787603750912,2015-07-03 15:04:09,#myslacpolska zaczynamy panel: Gospodarka i rozwÃ³j.,2,0
260,609327566705553409,2015-06-12 11:53:07,@A_Kilijanek witam!,0,0
261,609088474197671938,2015-06-11 20:03:03,@piotruhle @TomOwczarek71 @maciejnowaczyk ten argument stary...odsyÅ‚am do protokoÅ‚Ã³w Rady  Miejskiej...,2,0
262,609065685524844544,2015-06-11 18:32:29,@panlistonosz @MGadawa @piotruhle @TomOwczarek71 to przypominam jeszcze pÃ³Å‚ roku temu RD byÅ‚ przeciwnikiem referendum.,2,0
263,609061267899330561,2015-06-11 18:14:56,@MGadawa @piotruhle @TomOwczarek71 to szczere...,1,0
264,608963087568396288,2015-06-11 11:44:48,@Przemek_Filar @piotruhle @panyezil @dutkiewiczrafal @DannyKarpovytch @ReferendumWro albo tramwaj albo statki kosmiczne!!!,0,0
265,608961585353256960,2015-06-11 11:38:50,@piotruhle @panyezil @dutkiewiczrafal @DannyKarpovytch @ReferendumWro metro? Kiedy 22 czy 23 wiek?,1,0
266,608959838048104448,2015-06-11 11:31:53,@panyezil @DannyKarpovytch @ReferendumWro @piotruhle teraz pan tak spontanicznie czy w ramach obowiÄ…zkÃ³w sÅ‚uÅ¼bowych dyskutuje?,2,0
267,605471677678555136,2015-06-01 20:31:11,@m_kokoszkiewicz @ReferendumWro @panyezil @dutkiewiczrafal najpierw wymyÅ›liÅ‚ Å¼e tam blokowiska sÄ…,3,0
268,605465370712010754,2015-06-01 20:06:08,"@Przemek_Filar @panyezil @ReferendumWro @gaz_wroclawska priorytety to ND z much, psiak i jagodno takie pytania w referendum",3,1
269,602574436798222336,2015-05-24 20:38:35,http://t.co/0d9sSmVRVX,9,2
270,601457659183693824,2015-05-21 18:40:55,"RT @Jaroslaw_Gowin: #CzasDecyzji gratulujÄ™ PBK, Å¼e poszedÅ‚ mojÄ… drogÄ…. Ja logo PO odstawiÅ‚am 2lata temu.:-)",0,84
271,601456540927664129,2015-05-21 18:36:28,AD Ten RzÄ…d nie byÅ‚ w stanie nawet sprowadziÄ‡ PolakÃ³w z Donbasu (178 osÃ³b) #CzasDecyzji,1,0
272,601454608674721792,2015-05-21 18:28:47,Oj brakuje red bulla...i jest buuul #CzasDecyzji,1,0
273,601452705756815360,2015-05-21 18:21:14,#czasdecyzji PBK mÃ³j plan..biaÅ‚a kartka,1,0
274,601449814027440128,2015-05-21 18:09:44,#debata podwyÅ¼szenie kwoty wolnwj od podatku jest konieczne AD,0,0
275,601151143914426368,2015-05-20 22:22:56,RT @Kwiatkowski_A: PBK przestraszyÅ‚ sie wyborcÃ³w PawÅ‚a Kukiza - http://t.co/EGVAFigvXX - a miaÅ‚a byc zgoda i dialog dla Polski!,0,6
276,601150705735458816,2015-05-20 22:21:11,"RT @AndrzejDuda2015: MinÄ™Å‚a 20:00, a w biurze #DudaPomoc praca wre. http://t.co/08uVtQ982x",0,48
277,600021884357517313,2015-05-17 19:35:39,#debata PBK jak Karolak....nakrÄ™cony,1,0
278,600021582090739712,2015-05-17 19:34:27,"#debata jakby dodaÄ‡ mÅ‚odzieÅ¼, ktÃ³ra wyemigrowaÅ‚a to bezrobocie w Polsce wynosiÅ‚oby 30%...",0,0
279,600021057618186240,2015-05-17 19:32:22,#debata AD swoje sÅ‚owo uwaÅ¼am za Å›wiÄ™toÅ›Ä‡!,0,0
280,600018619167350784,2015-05-17 19:22:41,"#debata chyba PBK przekonaÅ‚ mnie ostatecznie, Å¼e na emeryturÄ™ przed 67",0,0
281,600016890614939648,2015-05-17 19:15:49,#debata czy Pani Jowita napisaÅ‚a pytania? PBK  czyta je z kartki hit!,3,1
282,600016349541363713,2015-05-17 19:13:40,#debata PBK o zdrowiu od waszych czasÃ³w nic sie nie zmieniÅ‚o...hit!,2,0
283,596270766435520512,2015-05-07 11:10:03,"Agata Duda, bÄ™dÄ™ gÅ‚osowaÄ‡ na mojego mÄ™Å¼a â˜º",2,0
284,596270487027765248,2015-05-07 11:08:56,@AndrzejDuda jesteÅ›my bliscy zwyciÄ™stwa i zwyciÄ™Å¼ymy!,0,0
285,595180648622587904,2015-05-04 10:58:19,RT @AndrzejDuda2015: .@AndrzejDuda z Å¼onÄ… AgatÄ… do maturzystÃ³w: https://t.co/q5NpTDEkHb #Matura2015 #AndrzejDuda2015,0,28
286,591194031683739648,2015-04-23 10:56:55,Szczerski do Schetyny: gdy idzie o politykÄ™ wschodniÄ… niech Pan sobie wyobrazi Å¼e Putin to Protasiewicz a Ukraina to Dolny Åšl.,1,0
287,590272349682978816,2015-04-20 21:54:29,"@michal_kolanko ...nie wypada podpisywaÄ‡ siÄ™ pod cudzym dzieÅ‚em, nowe plakaty AD to nie ja",0,1
288,588454175626899456,2015-04-15 21:29:43,"@RzecznikTWG2017 @BiuroPrasoweUMW @twg2017 gadu, gadu, gadu...pokaÅ¼cie umowÄ™:)",2,0
289,588324707021250560,2015-04-15 12:55:15,"WrocÅ‚awskie MPK. Skoro jest tak dobrze, to dlaczego jest tak Åºle?http://t.co/XlT4E1p2uG",0,1
290,586190753359081472,2015-04-09 15:35:41,Andrzej Duda w Trzebnicy. WÅ‚adza musi byÄ‡ uczciwa! http://t.co/kZcwujiR2B,5,0
291,585837150383505408,2015-04-08 16:10:35,Jelenia GÃ³ra http://t.co/om4XNThRKB,4,4
292,585836957013540864,2015-04-08 16:09:49,Jelenia GÃ³ra http://t.co/CLkEmWNnzf,1,0
293,585809853467209729,2015-04-08 14:22:07,Jawor http://t.co/Wc4mEQnWy0,0,1
294,577948241901260801,2015-03-17 21:42:53,@mkrzyzanowski79 hej...,0,0
295,547142370278776833,2014-12-22 21:31:21,Smyk szczerze: nie wiemt co zrobiÄ‡ by komunikacja byÅ‚a punktualna.,3,3
296,538441300753014785,2014-11-28 21:16:24,"RT @MartiinEden: Wielki szacun dla Pani @RozeckaPL za odwagÄ™, otwartoÅ›Ä‡ i walkÄ™ do koÅ„ca. W niedzielÄ™ bÄ™dÄ™ kurczowo trzymaÅ‚ kciuki :)",0,4
297,538372888286728192,2014-11-28 16:44:33,RT @bilu1939: W 3 z 4 metropolii kandydaci z szerszym niÅ¼ elektorat partii poparciem (@RozeckaPL de facto z poparciem caÅ‚ej opozycji).,0,1
298,538328762749034497,2014-11-28 13:49:13,RT @m_kokoszkiewicz: MÃ³j latarnik wyborczy: http://t.co/yrV6rP1v1Q @RozeckaPL @dutkiewiczrafal,0,1
299,537368291707482115,2014-11-25 22:12:39,"RT @Lukasz_Maslanka: ZwyciÄ™zcy wyborÃ³w we #WrocÅ‚aw jeszcze nie znamy, ale dziÄ™ki @RozeckaPL juÅ¼ udaÅ‚o siÄ™ sporo wygraÄ‡. @Przemek_Filar 
httâ€¦",0,3
300,537321526966882304,2014-11-25 19:06:49,"RT @m_kokoszkiewicz: Po wczorajszym gorszym dniu @RozeckaPL dzisiaj na plusie, jakby wygraÅ‚a z @dutkiewiczrafal #2turawro @FaktyTVPWroclaw",0,1
301,534829516850753536,2014-11-18 22:04:28,"RT @balukiewiczm: ""@dutkiewiczrafal: DziÄ™kujÄ™ za PaÅ„stwa udziaÅ‚ w wyborach i za kaÅ¼dy gÅ‚os."" My teÅ¼ juÅ¼ panu dziÄ™kujemy",0,5
302,532906835486199809,2014-11-13 14:44:25,"RT @FaktyTVPWroclaw: .@walbednarz, @dutkiewiczrafal, Ewa MaÅ„kowska, @ProtasiewiczJ, @RozeckaPL goÅ›Ä‡mi debaty #TwojeWybory @tvp_info i @RMF2â€¦",0,2
303,529608410485243904,2014-11-04 12:17:39,RT @tuWroclaw: @RozeckaPL: RafaÅ‚ Dutkiewicz nie wyremontuje wam domu. On go zburzy! http://t.co/IvVOLlNVli,0,1
304,529214486251859968,2014-11-03 10:12:20,RT @BartekCiazynski: @RozeckaPL DziÄ™kujÄ™ za przypomnienie w @prwpl niespeÅ‚nionej obietnicy  @dutkiewiczrafal wybudowania tramwaju na Nowy Dâ€¦,0,1
305,529162084148580353,2014-11-03 06:44:06,"Zaczynamy kolejny tydzieÅ„: 8:10 Debata @prwpl, a ok. 12:15 w 'Z kraju i ze Å›wiata' @RadiowaJedynka. Do usÅ‚yszenia!",1,1
306,525255355035840512,2014-10-23 12:00:10,"Pos. J.#Åšniadek dziÅ› we WrocÅ‚awiu. 15:15 konf.pras.(pl.S), spotk.otwarte: 17 koÅ›c.Å›w.MichaÅ‚a Arch.(Prusa), 19 koÅ›c.Å›w.Karola Borom.(Krucza).",0,0
307,524233841415028736,2014-10-20 16:21:02,"O 19 ""Musimy porozmawiaÄ‡"" @FaktyTVPWroclaw - m.in. o kontrakcie terytorialnym i o niegospodarnoÅ›ci na Stadionie Miejskim. Do zobaczenia!",0,1
308,524069596413050880,2014-10-20 05:28:23,8:10 bÄ™dÄ™ goÅ›ciem Debaty politycznej @PRWpl. Gdzie jest 313 mln - na pewno o tym porozmawiamy. O II turze teÅ¼. Zapraszam!,0,0
309,522478969200054274,2014-10-15 20:07:48,"RT @Lukasz_Maslanka: Ciekawy wywiad z Krzysztofem Nawratkiem na Å‚amach @krytyka o problemach takÅ¼e polskich miast @RozeckaPL  
http://t.co/â€¦",0,1
310,521651332416299008,2014-10-13 13:19:04,"O 17 spotkanie z mieszkaÅ„cami i pracownikami #MPK w Zespole SzkÃ³Å‚ nr 11 (Grochowa 36-38), potem po 19 w Radzie Osiedla #NowyDwÃ³r. Zapraszam!",0,0
311,521642611032211456,2014-10-13 12:44:24,RT @tuWroclaw: @RozeckaPL o trÃ³jpaku komunikacyjnym dla Psiego Pola http://t.co/LkeINfiFXC,0,1
312,521039926776061953,2014-10-11 20:49:33,2:0 z Niemcami - czyli WSZYSTKO jest moÅ¼liwe! :-),0,0
313,519826571272941569,2014-10-08 12:28:07,Kolejny dzieÅ„ rozmÃ³w z mieszkaÅ„cami - dziÅ› o 17 w Radzie Osiedla #PlacGrunwaldzki.  Zapraszam!,0,0
314,519105190210068480,2014-10-06 12:41:36,RT @prwpl: Kandydatka PiS rzuca rÄ™kawicÄ™ RafaÅ‚owi Dutkiewiczowi - Radio WrocÅ‚aw http://t.co/6ecJLAQIRt,0,1
315,519069595601473536,2014-10-06 10:20:10,RT @tuWroclaw: @RozeckaPL o remoncie torowiska na GrabiszyÅ„skiej: http://t.co/l38qg5385H,0,1
316,519068668379287552,2014-10-06 10:16:29,"RT @Przemek_Filar: Adam Hofman o Dutkiewiczu: WrocÅ‚aw staÅ‚ siÄ™ jego prywatnym miastem i dlatego teraz potrzebuje kobiety - stwierdziÅ‚. 
httâ€¦",0,1
317,518994213233770496,2014-10-06 05:20:37,"8:10 - Radio WrocÅ‚aw, moja odpowiedÅº na list dyr. Maja dot. #ESK, w Debacie Politycznej @prwpl",0,0
318,516970891990040576,2014-09-30 15:20:40,Kolejny dzieÅ„ rozmÃ³w w mieszkaÅ„cami - dziÅ› o 19:00 Rada Osiedla #Jagodno (JagodziÅ„ska 15). Zapraszam!,0,0
319,516620154118348800,2014-09-29 16:06:57,"O 19 bÄ™dÄ™ goÅ›ciem w ""Musimy porozmawiaÄ‡"" @FaktyTVPWroclaw . Potem o 20 spotkanie z mieszkaÅ„cami w Radzie Osiedla #LeÅ›nica.",1,0
320,515799083232276480,2014-09-27 09:44:19,"DziÅ› Trzech KrÃ³li - Festyn historyczny (540-lecie spotkania krÃ³lÃ³w PL, CZ, HUN) Rady Os.MuchobÃ³r Wielki. Boisko przy ul. Trawowej, od 12:30.",0,0
321,506041395057278976,2014-08-31 11:30:45,ByÅ‚am na Mszy Åšw. w KoÅ›ciele pw. Klemensa Dworzaka. IdÄ™ na uroczystoÅ›Ä‡ pod tablicÄ… SolidarnoÅ›ci przy zajezdni MPK. http://t.co/LuZ7D9BhSS,0,0
322,445654092463874049,2014-03-17 20:13:10,"PrzeczytaÅ‚am wÅ‚aÅ›nie we wrocÅ‚awskiej o 7 cudach...i obawiam siÄ™, Å¼e jeÅ›li takie bÄ™dÄ… pomysÅ‚y na ESK to ta impreza cudem nie bÄ™dzie.",1,0
323,433233696242413568,2014-02-11 13:38:56,"Dutkiewicz, majÄ…c kilka osÃ³b z wiÄ™kszym doÅ›wiadczeniem i kompetencjami postawiÅ‚ na BMW, szkoda...",0,0
324,403231115197956096,2013-11-20 18:39:24,no cÃ³Å¼ zadebiutowaÅ‚am..pozdrawiam wszystkich,0,0
